{
  "project_info": {
    "project_number": "242191157855",
    "firebase_url": "https://thepill-cece1-default-rtdb.firebaseio.com",
    "project_id": "thepill-cece1",
    "storage_bucket": "thepill-cece1.appspot.com"
  },
  "client": [
    {
      "client_info": {
        "mobilesdk_app_id": "1:242191157855:android:012770d1a3c2ad0aada9ea",
        "android_client_info": {
          "package_name": "com.example.propill"
        }
      },
      "oauth_client": [
        {
          "client_id": "242191157855-87nm5ds96cg4832slis2p3vj6n438s77.apps.googleusercontent.com",
          "client_type": 3
        }
      ],
      "api_key": [
        {
          "current_key": "AIzaSyAcMuVl_RttrD79WNRnQNCdnT4Ch_8fslQ"
        }
      ],
      "services": {
        "appinvite_service": {
          "other_platform_oauth_client": [
            {
              "client_id": "242191157855-87nm5ds96cg4832slis2p3vj6n438s77.apps.googleusercontent.com",
              "client_type": 3
            }
          ]
        }
      }
    },
    {
      "client_info": {
        "mobilesdk_app_id": "1:242191157855:android:03b4f7d9077b1ef8ada9ea",
        "android_client_info": {
          "package_name": "com.thepill"
        }
      },
      "oauth_client": [
        {
          "client_id": "242191157855-87nm5ds96cg4832slis2p3vj6n438s77.apps.googleusercontent.com",
          "client_type": 3
        }
      ],
      "api_key": [
        {
          "current_key": "AIzaSyAcMuVl_RttrD79WNRnQNCdnT4Ch_8fslQ"
        }
      ],
      "services": {
        "appinvite_service": {
          "other_platform_oauth_client": [
            {
              "client_id": "242191157855-87nm5ds96cg4832slis2p3vj6n438s77.apps.googleusercontent.com",
              "client_type": 3
            }
          ]
        }
      }
    }
  ],
  "configuration_version": "1"
}